

INSERT INTO Building(ID_Building,Address,name,numRoom)
VALUES (1,'61 Wellfield Road','A',25),
(2,'14 Tottenham Court Road','B',25),
(3,'3 Edgar Buildings','C',25),
(4,'44-46 Morningside Road','D',25),
(5,'91 Western Road','E',25);

INSERT INTO Apartment(ID_Apartment,ID_Building,numBedroom,numBathroom)
VALUES (11,1,3,2),
(12,1,3,2),
(13,1,1,1),
(14,1,1,2),
(15,1,1,3),
(21,1,3,1),
(22,1,3,3),
(23,1,2,1),
(24,1,1,3),
(25,1,2,3),
(31,1,3,1),
(32,1,1,3),
(33,1,1,1),
(34,1,2,3),
(35,1,2,3),
(41,1,3,2),
(42,1,1,2),
(43,1,3,1),
(44,1,3,3),
(45,1,1,3),
(51,1,1,1),
(52,1,1,2),
(53,1,3,2),
(54,1,1,3),
(55,1,3,1),
(11,2,2,3),
(12,2,3,3),
(13,2,3,3),
(14,2,2,3),
(15,2,1,1),
(21,2,1,3),
(22,2,1,1),
(23,2,1,3),
(24,2,3,3),
(25,2,2,2),
(31,2,2,2),
(32,2,2,3),
(33,2,2,3),
(34,2,2,3),
(35,2,3,3),
(41,2,2,3),
(42,2,3,3),
(43,2,3,1),
(44,2,2,1),
(45,2,2,2),
(51,2,1,1),
(52,2,2,2),
(53,2,3,3),
(54,2,3,2),
(55,2,1,3),
(11,3,2,3),
(12,3,1,2),
(13,3,3,1),
(14,3,2,2),
(15,3,1,1),
(21,3,1,2),
(22,3,3,1),
(23,3,2,1),
(24,3,2,3),
(25,3,3,2),
(31,3,2,3),
(32,3,3,1),
(33,3,3,3),
(34,3,3,3),
(35,3,3,1),
(41,3,3,2),
(42,3,3,3),
(43,3,2,1),
(44,3,2,1),
(45,3,1,1),
(51,3,1,3),
(52,3,2,2),
(53,3,3,3),
(54,3,1,3),
(55,3,3,1),
(11,4,2,1),
(12,4,1,2),
(13,4,1,1),
(14,4,1,2),
(15,4,1,1),
(21,4,1,3),
(22,4,1,1),
(23,4,3,3),
(24,4,1,1),
(25,4,3,3),
(31,4,1,1),
(32,4,3,3),
(33,4,3,2),
(34,4,1,2),
(35,4,1,3),
(41,4,1,3),
(42,4,1,1),
(43,4,1,1),
(44,4,1,1),
(45,4,3,1),
(51,4,3,1),
(52,4,3,2),
(53,4,1,1),
(54,4,3,1),
(55,4,1,3),
(11,5,2,3),
(12,5,1,3),
(13,5,1,3),
(14,5,2,1),
(15,5,3,2),
(21,5,3,2),
(22,5,1,1),
(23,5,1,1),
(24,5,2,2),
(25,5,2,2),
(31,5,2,1),
(32,5,2,1),
(33,5,2,3),
(34,5,3,3),
(35,5,1,1),
(41,5,2,1),
(42,5,1,3),
(43,5,2,3),
(44,5,2,1),
(45,5,2,1),
(51,5,3,1),
(52,5,1,3),
(53,5,3,1),
(54,5,3,3),
(55,5,1,1);



INSERT INTO Person(SSN,First_name,Last_name)
VALUES (1,'Liam','SMITH'),
(2,'Liam','JOHNSON'),
(3,'Liam','WILLIAMS'),
(4,'Liam','BROWN'),
(5,'Liam','JONES'),
(6,'Liam','MILLER'),
(7,'Liam','DAVIS'),
(8,'Liam','GARCIA'),
(9,'Liam','RODRIGUEZ'),
(10,'Liam','WILSON'),
(11,'Mason','SMITH'),
(12,'Mason','JOHNSON'),
(13,'Mason','WILLIAMS'),
(14,'Mason','BROWN'),
(15,'Mason','JONES'),
(16,'Mason','MILLER'),
(17,'Mason','DAVIS'),
(18,'Mason','GARCIA'),
(19,'Mason','RODRIGUEZ'),
(20,'Mason','WILSON'),
(21,'Taylor','SMITH'),
(22,'Taylor','JOHNSON'),
(23,'Taylor','WILLIAMS'),
(24,'Taylor','BROWN'),
(25,'Taylor','JONES'),
(26,'Taylor','MILLER'),
(27,'Taylor','DAVIS'),
(28,'Taylor','GARCIA'),
(29,'Taylor','RODRIGUEZ'),
(30,'Taylor','WILSON'),
(31,'Sofia','SMITH'),
(32,'Sofia','JOHNSON'),
(33,'Sofia','WILLIAMS'),
(34,'Sofia','BROWN'),
(35,'Sofia','JONES'),
(36,'Sofia','MILLER'),
(37,'Sofia','DAVIS'),
(38,'Sofia','GARCIA'),
(39,'Sofia','RODRIGUEZ'),
(40,'Sofia','WILSON');



INSERT INTO PhoneNumber(PhoneNumber,SSN)
VALUES ('7902193152',1),
('0343647334',1),
('6647837753',2),
('7520597634',2),
('8461972618',3),
('7642983391',4),
('1653215869',4),
('5756971153',5),
('8486172034',6),
('5604936928',6),
('2518602950',7),
('0654734488',7),
('3583884777',8),
('4034312799',9),
('0843550795',10),
('2209319716',11),
('7772567911',11),
('4915662271',12),
('0335655782',12),
('5230829808',13),
('5312766446',14),
('0074584112',15),
('7121716369',15),
('5398704553',16),
('4767477847',17),
('6020491021',18),
('9779187770',19),
('3667044161',20),
('7752795929',20),
('1073745157',21),
('8448144256',21),
('2622892178',22),
('1423886107',22),
('7975362444',23),
('0138096335',23),
('2573090159',24),
('8059174287',25),
('7917470883',26),
('1519576746',27),
('4674367564',27),
('6224516485',28),
('4768452550',29),
('4686264829',30),
('7205099491',30),
('3756383012',31),
('9464105103',31),
('1823663178',32),
('9166418668',32),
('5163579598',33),
('5827536119',33),
('7227789202',34),
('8196367383',34),
('2208599671',35),
('4070673919',35),
('5751147721',36),
('8889438216',36),
('3144343678',37),
('1061471931',37),
('0015964438',38),
('5142643896',38),
('6572773583',39),
('4714479867',40);



INSERT INTO Employee(Person_SSN,Salary)
VALUES (32,5000),
(40,5000),
(38,5000),
(23,3000),
(8,3000),
(22,3000),
(39,3000),
(11,3000);



INSERT INTO Work(SSN,ID_Building)
VALUES (8,2),
(8,1),
(11,5),
(11,2),
(22,2),
(22,5),
(22,3),
(22,4),
(23,4),
(23,1),
(23,5),
(32,1),
(32,2),
(38,3),
(38,4),
(39,3),
(39,1),
(39,4),
(39,2),
(40,5);


INSERT INTO Technician(TechnicianID)
VALUES (8),
(11),
(22),
(23),
(39);


INSERT INTO Skill(Skill,TechnicianID)
VALUES ('Carpentry',8),
('Electrical',8),
('Carpentry',11),
('Plumbing',11),
('Carpentry',22),
('Plumbing',22),
('Carpentry',23),
('Plumbing',23),
('Plumbing',39),
('Electrical',39);


INSERT INTO Manager(Manager_ID,ID_Apartment_Office,ID_Building_Office)
VALUES (32,13,1),
(38,11,3),
(40,34,5);


INSERT INTO Tenant(TenantID,ID_Apartment,ID_Building,BankAccount)
VALUES (1,24,3,'SCB6343940518'),
(2,24,3,'SCB3195089766'),
(3,25,4,'OCB4565400539'),
(4,25,4,'ACB3272813747'),
(5,25,4,'ACB5851220731'),
(6,42,5,'SCB0044911222'),
(7,13,4,'OCB6922129931'),
(9,12,4,'ACB6802643864'),
(10,14,5,'SCB7825661434'),
(12,14,5,'ACB1157041613'),
(13,42,4,'ACB7262744652'),
(14,51,3,'OCB3954644065'),
(15,53,4,'OCB4458051915'),
(16,43,2,'SCB0254021722'),
(17,43,2,'OCB1088669078'),
(18,43,2,'SCB5889033062'),
(19,35,1,'OCB6930856959'),
(20,35,1,'SCB0806505434'),
(21,31,5,'ACB6011785029'),
(24,31,5,'OCB3104866698'),
(25,34,2,'OCB0941277163'),
(26,34,2,'ACB6963520858'),
(27,45,2,'OCB7443619886'),
(28,45,2,'OCB6718698118'),
(29,41,4,'SCB9712361317'),
(30,44,2,'OCB9576209346'),
(31,44,2,'SCB9232238623'),
(33,32,3,'OCB4279796397'),
(34,32,3,'SCB7928294054'),
(35,32,3,'ACB5652632648'),
(36,51,2,'SCB1642106729'),
(37,35,3,'ACB2160243873');


INSERT INTO Next_of_kin(PhoneNumber,TenantID,Role)
VALUES ('9981620515',1,'Sister'),
('2238232335',2,'Brother'),
('5122252797',3,'Mom'),
('6921911457',4,'Sister'),
('3982434885',5,'Mom'),
('7516586063',6,'Mom'),
('6738683183',7,'Sister'),
('9250459824',9,'Sister'),
('3445518187',10,'Sister'),
('5087311886',12,'Sister'),
('9621613719',13,'Mom'),
('1320202344',14,'Mom'),
('0071573510',15,'Mom'),
('1913584006',16,'Mom'),
('9936226196',17,'Brother'),
('6611139726',18,'Brother'),
('8678521279',19,'Mom'),
('4560015151',20,'Dad'),
('8709339726',21,'Mom'),
('1103273321',24,'Sister'),
('9677445789',25,'Mom'),
('2165279228',26,'Brother'),
('9016666645',27,'Sister'),
('2388539505',28,'Sister'),
('6633569692',29,'Dad'),
('9388061668',30,'Sister'),
('1583944240',31,'Brother'),
('0294699241',33,'Brother'),
('4307285954',34,'Dad'),
('9553862261',35,'Mom'),
('8751691818',36,'Mom'),
('8517499033',37,'Mom');


INSERT INTO Agreement(ID_Agrement,ID_Apartment,ID_Building,Manager_ID,StartDate,EndDate,SecurityDeposit,MonthlyRent)
VALUES (1,35,1,32,'2017-01-01','2020-01-01',1000,350),
(2,34,2,32,'2017-01-01','2020-01-01',1000,350),
(3,43,2,32,'2017-01-01','2020-01-01',1000,350),
(4,44,2,32,'2017-01-01','2020-01-01',1000,250),
(5,45,2,32,'2017-01-01','2020-01-01',1000,300),
(6,51,2,32,'2017-01-01','2020-01-01',1000,150),
(7,24,3,38,'2017-01-01','2020-01-01',1000,350),
(8,32,3,38,'2017-01-01','2020-01-01',1000,350),
(9,35,3,38,'2017-01-01','2020-01-01',1000,350),
(10,51,3,38,'2017-01-01','2020-01-01',1000,250),
(11,12,4,38,'2017-01-01','2020-01-01',1000,200),
(12,13,4,38,'2017-01-01','2020-01-01',1000,150),
(13,25,4,38,'2017-01-01','2020-01-01',1000,450),
(14,41,4,38,'2017-01-01','2020-01-01',1000,250),
(15,42,4,38,'2017-01-01','2020-01-01',1000,150),
(16,53,4,38,'2017-01-01','2020-01-01',1000,150),
(17,14,5,40,'2017-01-01','2020-01-01',1000,250),
(18,31,5,40,'2017-01-01','2020-01-01',1000,250),
(19,42,5,40,'2017-01-01','2020-01-01',1000,250);


INSERT INTO Signs(TenantID,ID_Agreement)
VALUES (1,7),
(2,7),
(3,13),
(4,13),
(5,13),
(6,19),
(7,12),
(9,11),
(10,17),
(12,17),
(13,15),
(14,10),
(15,16),
(16,3),
(17,3),
(18,3),
(19,1),
(20,1),
(21,18),
(24,18),
(25,2),
(26,2),
(27,5),
(28,5),
(29,14),
(30,4),
(31,4),
(33,8),
(34,8),
(35,8),
(36,6),
(37,9);
